{
    "Статистика по радиусу": {
        "sum": 69152935859.0,
        "min": 18720026.0,
        "max": 994839681.0,
        "mean": 519946886.15789473,
        "median": 538707185.0,
        "std_dev": 294023636.2314022
    },
    "Частота созвездий": {
        "Козерог": 12,
        "Дева": 15,
        "Лев": 12,
        "Овен": 12,
        "Рак": 10,
        "Водолей": 12,
        "Близнецы": 8,
        "Рыбы": 11,
        "Телец": 13,
        "Стрелец": 6,
        "Скорпион": 10,
        "Весы": 12
    }
}