{
    "Статистика цены": {
        "sum": 1949736,
        "min": 7310,
        "max": 20223,
        "mean": 13539.833333333334,
        "median": 14480.0,
        "std_dev": 3223.445084035124
    },
    "Частота цветов": {
        "Белый": 136,
        "Ваниль": 64,
        "Платина": 64,
        "Серый": 136,
        "Латте": 72,
        "Нет цвета": 8
    }
}