{
    "sum": 10247460,
    "avr": 209.765414,
    "sumMD": 43202,
    "avrMD": 208.705314,
    "sumSD": 44719,
    "avrSD": 216.033816,
    "max": 404,
    "min": 18
}