{
    "Статистика цены": {
        "sum": 176150,
        "min": 4620,
        "max": 17430,
        "mean": 9786.111111111111,
        "median": 9655.0,
        "std_dev": 3788.948540921562
    },
    "Частота покрытий": {
        "Vinyl": 7,
        "Эмаль": 4,
        "Под отделку": 1,
        "Эко-шпон": 4,
        "Глянец": 1,
        "CPL TL": 1
    }
}