{
    "Статистика по рейтингу": {
        "sum": 20770.96,
        "min": 1.0,
        "max": 5.0,
        "mean": 3.0033198380566803,
        "median": 3.005,
        "std_dev": 1.149597733820378
    },
    "Частота цветов": {
        "Голубой": 986,
        "Оранжевый": 985,
        "Фиолетовый": 969,
        "Красный": 987,
        "Желтый": 949,
        "Синий": 990,
        "Зеленый": 1050
    }
}