{
    "Статистика цены": {
        "sum": 951896657,
        "min": 10101,
        "max": 499682,
        "mean": 255611.34720730397,
        "median": 253231.0,
        "std_dev": 142481.59844087024
    },
    "Частота характеристик": {
        "ram": 2218,
        "sim": 2239,
        "acc": 2252,
        "processor": 2256,
        "matrix": 2275,
        "resolution": 2253,
        "camera": 2223
    }
}